{"cameraMode":{"drawMode":0,"name":"Shaded","section":"Shading Mode"},"sceneLighting":false,"audioPlay":false,"sceneViewState":{"m_AlwaysRefresh":false,"showFog":true,"showSkybox":false,"showFlares":true,"showImageEffects":true,"showParticleSystems":true,"showVisualEffectGraphs":true,"m_FxEnabled":true},"in2DMode":false,"pivot":{"x":2.824228286743164,"y":-0.386059045791626,"z":0.023139595985412599},"rotation":{"x":0.31411823630332949,"y":-0.5776796340942383,"z":0.2561386525630951,"w":0.7085568308830261},"size":1.8123724460601807,"orthographic":false}